"A day in the life of the Oracle of Delphi","Mark Robinson"
"Countdown Session 1: Urgency (Full session)","Hosted by Mark Ruffalo and Don Cheadle"
"How Ikea is growing its business while shrinking emissions","Jesper Brodin and Pia Heidenmark Cook"
"A day in the life of an ancient Greek architect","Mark Robinson"
"A global hackathon to take on the coronavirus pandemic","Marko Russiver"
"How one scientist took on the chemical industry","Mark Lytle"
"How supply chain transparency can help the planet","Markus Mutz"
"History vs. Henry VIII","Mark Robinson and Alex Gendler"
"A love letter to realism in a time of grief","Mark Pollock and Simone George"
"Why is Aristophanes called ""The Father of Comedy""?","Mark Robinson"
"How the Normans changed the history of Europe","Mark Robinson"
"How to get empowered, not overpowered, by AI","Max Tegmark"
"The harm reduction model of drug addiction treatment","Mark Tyndall"
"In praise of conflict","Jonathan Marks"
"How statistics can be misleading","Mark Liddell"
"The argument for trouble","Mark Modesti"
"Industry 4.0: how intelligent machines will transform everything we know","Markus Lorenz"
"What the people of the Amazon know that you don't","Mark Plotkin"
"A personal story about farming and the future of agriculture","Mark Jackson"
"How sampling transformed music","Mark Ronson"
"Be passionate. Be courageous. Be your best.","Gabby Giffords and Mark Kelly"
"Demo: A needle-free vaccine patch that's safer and way cheaper","Mark Kendall"
"Bring out your inner filmmaker","Mark Halliday"
"One very dry demo","Mark Shaw"
"Why do we see illusions?","Mark Changizi"
"How to separate fact and fiction online","Markham Nolan"
"What's a snollygoster? A short lesson in political speak","Mark Forsyth"
"The mad scientist of music","Mark Applebaum"
"Victims of the city","Mark Raymond"
"How language transformed humanity","Mark Pagel"
"A robot that flies like a bird","Markus Fischer"
"A life lesson from a volunteer firefighter","Mark Bezos"
"E-voting without fraud","David Bismark"
"The Happy Planet Index","Nic Marks"
"Debate: Does the world need nuclear energy?","Stewart Brand + Mark Z. Jacobson"
"Suspended animation is within our grasp","Mark Roth"
"A brain in a supercomputer","Henry Markram"
"What's wrong with what we eat","Mark Bittman"
